u0	u2	m0	['L194' 'L195' 'L196' 'L197']
u0	u2	m0	['L198' 'L199']
u0	u2	m0	['L200' 'L201' 'L202' 'L203']
u0	u2	m0	['L204' 'L205' 'L206']
u0	u2	m0	['L207' 'L208']
u0	u2	m0	['L271' 'L272' 'L273' 'L274' 'L275']
u0	u2	m0	['L276' 'L277']
u0	u2	m0	['L280' 'L281']
u0	u2	m0	['L363' 'L364']
u0	u2	m0	['L365' 'L366']
u0	u2	m0	['L367' 'L368']
u0	u2	m0	['L401' 'L402' 'L403']
u0	u2	m0	['L404' 'L405' 'L406' 'L407']
u0	u2	m0	['L575' 'L576']
u0	u2	m0	['L577' 'L578']
u0	u2	m0	['L662' 'L663']
u0	u2	m0	['L693' 'L694' 'L695']
u0	u2	m0	['L696' 'L697' 'L698' 'L699']
u0	u2	m0	['L860' 'L861']
u0	u2	m0	['L862' 'L863' 'L864' 'L865']
u0	u2	m0	['L866' 'L867' 'L868' 'L869']
u0	u2	m0	['L870' 'L871' 'L872']
u0	u2	m0	['L924' 'L925']
u0	u2	m0	['L984' 'L985']
u0	u2	m0	['L1044' 'L1045']
u0	u3	m0	['L49' 'L50' 'L51']
u0	u3	m0	['L571' 'L572' 'L573']
u0	u3	m0	['L579' 'L580']
u0	u3	m0	['L595' 'L596' 'L597']
u0	u3	m0	['L598' 'L599' 'L600']
u0	u3	m0	['L659' 'L660']
u0	u3	m0	['L952' 'L953']
u0	u4	m0	['L394' 'L395']
u0	u4	m0	['L396' 'L397']
u0	u4	m0	['L589' 'L590' 'L591']
u0	u4	m0	['L592' 'L593']
u0	u4	m0	['L756' 'L757' 'L758']
u0	u4	m0	['L759' 'L760']
u0	u5	m0	['L164' 'L165']
u0	u5	m0	['L319' 'L320']
u0	u5	m0	['L441' 'L442' 'L443' 'L444' 'L445']
u0	u5	m0	['L525' 'L526' 'L527']
u0	u5	m0	['L529' 'L530']
u0	u5	m0	['L531' 'L532' 'L533']
u0	u5	m0	['L542' 'L543']
u0	u5	m0	['L601' 'L602']
u0	u5	m0	['L655' 'L656']
u0	u5	m0	['L889' 'L890' 'L891' 'L892']
u0	u5	m0	['L893' 'L894' 'L895' 'L896' 'L897' 'L898' 'L899' 'L900']
u0	u5	m0	['L901' 'L902' 'L903']
u0	u5	m0	['L904' 'L905' 'L906' 'L907' 'L908']
u0	u5	m0	['L909' 'L910' 'L911' 'L912' 'L913' 'L914']
u0	u5	m0	['L982' 'L983']
u0	u5	m0	['L1007' 'L1008' 'L1009' 'L1010' 'L1011']
u0	u5	m0	['L1021' 'L1022']
u0	u5	m0	['L1051' 'L1052']
u0	u11	m0	['L179' 'L180' 'L181' 'L182' 'L183']
u0	u11	m0	['L189' 'L190']
u0	u11	m0	['L517' 'L518' 'L519' 'L520' 'L521']
u0	u11	m0	['L523' 'L524']
u0	u11	m0	['L536' 'L537']
u0	u11	m0	['L538' 'L539' 'L540']
u0	u11	m0	['L544' 'L545' 'L546']
u0	u11	m0	['L878' 'L879' 'L880' 'L881' 'L882' 'L883' 'L884']
u0	u11	m0	['L922' 'L923']
u1	u9	m0	['L458' 'L459' 'L460' 'L461' 'L462' 'L463']
u2	u7	m0	['L63' 'L64' 'L65']
u2	u7	m0	['L66' 'L67' 'L68' 'L69' 'L70' 'L71' 'L72' 'L73' 'L74']
u2	u7	m0	['L77' 'L78']
u2	u7	m0	['L87' 'L88' 'L89' 'L90' 'L91' 'L92']
u2	u7	m0	['L139' 'L140' 'L141' 'L142']
u2	u7	m0	['L143' 'L144' 'L145' 'L146' 'L147']
u2	u7	m0	['L157' 'L158' 'L159']
u2	u7	m0	['L210' 'L211']
u2	u7	m0	['L212' 'L213']
u2	u7	m0	['L215' 'L216' 'L217' 'L218' 'L219' 'L220' 'L221' 'L222']
u2	u7	m0	['L223' 'L224' 'L225']
u2	u7	m0	['L244' 'L245']
u2	u7	m0	['L388' 'L389' 'L390' 'L391']
u2	u7	m0	['L416' 'L417' 'L418' 'L419']
u2	u7	m0	['L424' 'L425']
u2	u7	m0	['L432' 'L433']
u2	u7	m0	['L499' 'L500']
u2	u7	m0	['L583' 'L584' 'L585' 'L586']
u2	u7	m0	['L778' 'L779']
u2	u9	m0	['L385' 'L386']
u2	u9	m0	['L411' 'L412']
u2	u9	m0	['L426' 'L427']
u2	u9	m0	['L430' 'L431']
u2	u9	m0	['L619' 'L620']
u2	u9	m0	['L621' 'L622']
u2	u9	m0	['L623' 'L624' 'L625']
u2	u9	m0	['L725' 'L726']
u2	u9	m0	['L740' 'L741']
u2	u9	m0	['L743' 'L744' 'L745']
u2	u9	m0	['L780' 'L781']
u4	u5	m0	['L148' 'L149' 'L150']
u4	u5	m0	['L335' 'L336']
u4	u5	m0	['L554' 'L555' 'L556']
u4	u5	m0	['L557' 'L558']
u4	u9	m0	['L285' 'L286']
u4	u9	m0	['L287' 'L288' 'L289' 'L290' 'L291' 'L292']
u4	u9	m0	['L294' 'L295' 'L296' 'L297']
u4	u9	m0	['L298' 'L299']
u4	u9	m0	['L300' 'L301']
u4	u9	m0	['L349' 'L350' 'L351' 'L352']
u4	u9	m0	['L354' 'L355' 'L356' 'L357' 'L358']
u4	u9	m0	['L605' 'L606']
u4	u9	m0	['L607' 'L608' 'L609']
u4	u9	m0	['L747' 'L748']
u4	u7	m0	['L231' 'L232' 'L233' 'L234' 'L235' 'L236']
u4	u7	m0	['L238' 'L239' 'L240']
u4	u7	m0	['L502' 'L503' 'L504' 'L505']
u4	u7	m0	['L508' 'L509']
u5	u6	m0	['L123' 'L124' 'L125' 'L126' 'L127' 'L128']
u5	u6	m0	['L129' 'L130']
u5	u6	m0	['L131' 'L132']
u5	u6	m0	['L133' 'L134']
u5	u6	m0	['L151' 'L152']
u5	u6	m0	['L247' 'L248' 'L249' 'L250' 'L251']
u5	u6	m0	['L252' 'L253' 'L254']
u5	u6	m0	['L447' 'L448']
u5	u6	m0	['L490' 'L491']
u5	u6	m0	['L716' 'L717' 'L718' 'L719' 'L720' 'L721']
u5	u6	m0	['L750' 'L751' 'L752' 'L753' 'L754' 'L755']
u5	u6	m0	['L946' 'L947' 'L948' 'L949']
u5	u9	m0	['L304' 'L305' 'L306' 'L307']
u5	u9	m0	['L309' 'L310']
u5	u9	m0	['L311' 'L312' 'L313']
u5	u9	m0	['L322' 'L323' 'L324' 'L325' 'L326' 'L327' 'L328']
u5	u9	m0	['L330' 'L331' 'L332']
u5	u9	m0	['L333' 'L334']
u5	u9	m0	['L473' 'L474']
u5	u9	m0	['L475' 'L476' 'L477']
u5	u9	m0	['L481' 'L482' 'L483']
u5	u9	m0	['L564' 'L565' 'L566' 'L567']
u5	u9	m0	['L610' 'L611']
u5	u9	m0	['L612' 'L613' 'L614' 'L615' 'L616']
u5	u9	m0	['L626' 'L627' 'L628' 'L629' 'L630' 'L631' 'L632' 'L633' 'L634' 'L635' 'L636']
u5	u9	m0	['L639' 'L640' 'L641' 'L642' 'L643' 'L644' 'L645' 'L646']
u5	u9	m0	['L650' 'L651']
u5	u9	m0	['L668' 'L669']
u5	u9	m0	['L670' 'L671' 'L672' 'L673' 'L674' 'L675' 'L676']
u5	u9	m0	['L677' 'L678' 'L679']
u5	u9	m0	['L680' 'L681' 'L682']
u5	u9	m0	['L683' 'L684']
u5	u9	m0	['L686' 'L687' 'L688' 'L689' 'L690']
u5	u9	m0	['L764' 'L765' 'L766' 'L767' 'L768']
u5	u9	m0	['L769' 'L770' 'L771' 'L772' 'L773' 'L774']
u5	u9	m0	['L798' 'L799']
u5	u9	m0	['L800' 'L801' 'L802']
u5	u9	m0	['L803' 'L804' 'L805' 'L806']
u5	u9	m0	['L808' 'L809' 'L810' 'L811' 'L812']
u5	u9	m0	['L813' 'L814' 'L815' 'L816' 'L817' 'L818' 'L819' 'L820' 'L821' 'L822' 'L823']
u5	u9	m0	['L824' 'L825']
u5	u9	m0	['L828' 'L829' 'L830' 'L831' 'L832']
u5	u9	m0	['L834' 'L835' 'L836' 'L837' 'L838' 'L839' 'L840' 'L841']
u5	u9	m0	['L842' 'L843' 'L844' 'L845' 'L846' 'L847' 'L848']
u5	u9	m0	['L852' 'L853' 'L854' 'L855' 'L856' 'L857']
u5	u9	m0	['L936' 'L937' 'L938' 'L939' 'L940']
u5	u9	m0	['L957' 'L958' 'L959']
u5	u9	m0	['L960' 'L961']
u5	u9	m0	['L973' 'L974' 'L975' 'L976' 'L977']
u5	u9	m0	['L1031' 'L1032']
u5	u9	m0	['L1033' 'L1034' 'L1035']
u5	u9	m0	['L1040' 'L1041' 'L1042' 'L1043']
u5	u11	m0	['L172' 'L173' 'L174']
u5	u11	m0	['L184' 'L185']
u5	u11	m0	['L338' 'L339' 'L340' 'L341' 'L342' 'L343' 'L344' 'L345' 'L346' 'L347']
u5	u11	m0	['L986' 'L987' 'L988']
u5	u11	m0	['L989' 'L990' 'L991' 'L992' 'L993' 'L994' 'L995' 'L996' 'L997']
u5	u11	m0	['L998' 'L999' 'L1000']
u5	u8	m0	['L103' 'L104' 'L105' 'L106' 'L107']
u5	u8	m0	['L108' 'L109']
u5	u8	m0	['L1017' 'L1018']
u6	u7	m0	['L728' 'L729' 'L730' 'L731']
u6	u7	m0	['L732' 'L733']
u6	u7	m0	['L735' 'L736' 'L737' 'L738']
u7	u9	m0	['L371' 'L372' 'L373']
u7	u9	m0	['L375' 'L376' 'L377']
u7	u9	m0	['L378' 'L379']
u7	u9	m0	['L380' 'L381' 'L382']
u7	u9	m0	['L383' 'L384']
u7	u9	m0	['L414' 'L415']
u7	u9	m0	['L420' 'L421']
u7	u9	m0	['L428' 'L429']
u7	u9	m0	['L436' 'L437']
u7	u9	m0	['L723' 'L724']
u7	u9	m0	['L775' 'L776' 'L777']
u8	u9	m0	['L59' 'L60' 'L61' 'L62']
u8	u9	m0	['L257' 'L258' 'L259']
u8	u9	m0	['L261' 'L262' 'L263' 'L264']
u8	u9	m0	['L511' 'L512']
u10	u11	m0	['L161' 'L162']
u10	u11	m0	['L170' 'L171']
u10	u11	m0	['L191' 'L192' 'L193']
u10	u11	m0	['L876' 'L877']
u10	u11	m0	['L886' 'L887']
u10	u11	m0	['L917' 'L918']
u10	u11	m0	['L926' 'L927']
u10	u11	m0	['L929' 'L930' 'L931' 'L932' 'L933']
u12	u23	m1	['L2170' 'L2171' 'L2172']
u12	u23	m1	['L2173' 'L2174' 'L2175']
u12	u23	m1	['L2176' 'L2177']
u12	u23	m1	['L2179' 'L2180' 'L2181']
u13	u16	m1	['L1989' 'L1990' 'L1991' 'L1992' 'L1993']
u13	u16	m1	['L2005' 'L2006']
u13	u16	m1	['L2010' 'L2011' 'L2012']
u13	u16	m1	['L2014' 'L2015' 'L2016']
u13	u16	m1	['L2019' 'L2020']
u13	u16	m1	['L2022' 'L2023']
u13	u16	m1	['L2024' 'L2025']
u13	u24	m1	['L2027' 'L2028' 'L2029']
u13	u24	m1	['L2030' 'L2031']
u13	u24	m1	['L2274' 'L2275']
u13	u24	m1	['L2522' 'L2523' 'L2524']
u14	u16	m1	['L1979' 'L1980' 'L1981' 'L1982' 'L1983' 'L1984']
u14	u16	m1	['L1985' 'L1986']
u14	u16	m1	['L2118' 'L2119']
u14	u16	m1	['L2121' 'L2122' 'L2123']
u14	u16	m1	['L2318' 'L2319' 'L2320']
u14	u16	m1	['L2471' 'L2472']
u14	u16	m1	['L2473' 'L2474']
u14	u16	m1	['L2537' 'L2538']
u14	u16	m1	['L2539' 'L2540']
u15	u16	m1	['L2290' 'L2291' 'L2292' 'L2293']
u15	u16	m1	['L2421' 'L2422']
u15	u16	m1	['L2423' 'L2424' 'L2425' 'L2426']
u15	u16	m1	['L2429' 'L2430' 'L2431' 'L2432']
u16	u17	m1	['L2127' 'L2128' 'L2129']
u16	u17	m1	['L2130' 'L2131']
u16	u17	m1	['L2439' 'L2440']
u16	u17	m1	['L2484' 'L2485']
u16	u17	m1	['L2500' 'L2501']
u16	u17	m1	['L2541' 'L2542']
u16	u17	m1	['L2547' 'L2548' 'L2549']
u16	u17	m1	['L2550' 'L2551' 'L2552']
u16	u24	m1	['L2103' 'L2104' 'L2105']
u16	u24	m1	['L2106' 'L2107' 'L2108']
u16	u24	m1	['L2109' 'L2110']
u16	u24	m1	['L2281' 'L2282']
u16	u24	m1	['L2286' 'L2287']
u16	u24	m1	['L2295' 'L2296' 'L2297']
u16	u24	m1	['L2299' 'L2300' 'L2301']
u16	u24	m1	['L2463' 'L2464']
u16	u24	m1	['L2465' 'L2466']
u16	u24	m1	['L2467' 'L2468' 'L2469']
u16	u25	m1	['L2237' 'L2238' 'L2239']
u16	u25	m1	['L2248' 'L2249' 'L2250' 'L2251']
u16	u25	m1	['L2253' 'L2254' 'L2255']
u16	u25	m1	['L2256' 'L2257' 'L2258' 'L2259' 'L2260']
u16	u25	m1	['L2341' 'L2342' 'L2343']
u16	u25	m1	['L2393' 'L2394']
u16	u25	m1	['L2409' 'L2410']
u16	u19	m1	['L1942' 'L1943']
u16	u19	m1	['L1947' 'L1948' 'L1949' 'L1950']
u16	u19	m1	['L1951' 'L1952']
u16	u19	m1	['L1957' 'L1958' 'L1959' 'L1960' 'L1961' 'L1962']
u16	u19	m1	['L1963' 'L1964' 'L1965' 'L1966' 'L1967' 'L1968' 'L1969']
u16	u19	m1	['L2037' 'L2038' 'L2039' 'L2040']
u16	u19	m1	['L2041' 'L2042']
u16	u19	m1	['L2045' 'L2046']
u16	u19	m1	['L2132' 'L2133']
u16	u19	m1	['L2134' 'L2135' 'L2136' 'L2137' 'L2138' 'L2139']
u16	u19	m1	['L2140' 'L2141' 'L2142' 'L2143']
u16	u19	m1	['L2144' 'L2145']
u16	u19	m1	['L2525' 'L2526']
u16	u19	m1	['L2531' 'L2532' 'L2533' 'L2534' 'L2535']
u16	u18	m1	['L2071' 'L2072']
u16	u18	m1	['L2073' 'L2074' 'L2075']
u16	u18	m1	['L2076' 'L2077']
u16	u18	m1	['L2079' 'L2080' 'L2081' 'L2082']
u16	u18	m1	['L2085' 'L2086']
u16	u18	m1	['L2279' 'L2280']
u16	u18	m1	['L2456' 'L2457' 'L2458' 'L2459']
u16	u21	m1	['L2277' 'L2278']
u16	u21	m1	['L2328' 'L2329']
u16	u21	m1	['L2331' 'L2332' 'L2333']
u16	u21	m1	['L2345' 'L2346']
u16	u21	m1	['L2347' 'L2348']
u16	u21	m1	['L2386' 'L2387' 'L2388' 'L2389']
u16	u20	m1	['L2154' 'L2155']
u16	u20	m1	['L2157' 'L2158' 'L2159' 'L2160']
u16	u20	m1	['L2164' 'L2165']
u16	u20	m1	['L2490' 'L2491' 'L2492']
u16	u22	m1	['L2064' 'L2065']
u16	u22	m1	['L2196' 'L2197' 'L2198' 'L2199' 'L2200' 'L2201' 'L2202' 'L2203' 'L2204' 'L2205' 'L2206' 'L2207' 'L2208' 'L2209' 'L2210' 'L2211']
u18	u24	m1	['L1930' 'L1931']
u18	u24	m1	['L2112' 'L2113']
u18	u24	m1	['L2115' 'L2116']
u18	u24	m1	['L2376' 'L2377']
u18	u24	m1	['L2414' 'L2415']
u18	u24	m1	['L2417' 'L2418' 'L2419']
u18	u24	m1	['L2460' 'L2461' 'L2462']
u26	u30	m2	['L3380' 'L3381' 'L3382']
u26	u30	m2	['L3383' 'L3384' 'L3385']
u26	u30	m2	['L3392' 'L3393' 'L3394' 'L3395' 'L3396']
u26	u30	m2	['L3459' 'L3460' 'L3461']
u26	u30	m2	['L3464' 'L3465' 'L3466' 'L3467' 'L3468' 'L3469' 'L3470' 'L3471' 'L3472' 'L3473' 'L3474' 'L3475' 'L3476' 'L3477' 'L3478' 'L3479' 'L3480' 'L3481']
u26	u30	m2	['L3482' 'L3483' 'L3484' 'L3485' 'L3486' 'L3487' 'L3488' 'L3489']
u26	u30	m2	['L3490' 'L3491' 'L3492' 'L3493']
u26	u30	m2	['L3496' 'L3497']
u26	u30	m2	['L3545' 'L3546']
u27	u34	m2	['L3059' 'L3060' 'L3061']
u27	u34	m2	['L3089' 'L3090' 'L3091' 'L3092']
u27	u34	m2	['L3093' 'L3094' 'L3095']
u27	u34	m2	['L3096' 'L3097']
u27	u34	m2	['L3158' 'L3159' 'L3160']
u27	u34	m2	['L3161' 'L3162' 'L3163' 'L3164' 'L3165' 'L3166']
u27	u34	m2	['L3167' 'L3168' 'L3169' 'L3170']
u27	u34	m2	['L3177' 'L3178' 'L3179' 'L3180' 'L3181']
u27	u34	m2	['L3300' 'L3301' 'L3302']
u27	u34	m2	['L3305' 'L3306' 'L3307' 'L3308']
u27	u34	m2	['L3309' 'L3310' 'L3311']
u27	u34	m2	['L3313' 'L3314']
u27	u34	m2	['L3315' 'L3316' 'L3317' 'L3318']
u27	u34	m2	['L3329' 'L3330']
u27	u34	m2	['L3514' 'L3515' 'L3516' 'L3517']
u27	u29	m2	['L3045' 'L3046' 'L3047' 'L3048']
u27	u29	m2	['L3049' 'L3050' 'L3051']
u27	u29	m2	['L3055' 'L3056']
u27	u29	m2	['L3062' 'L3063' 'L3064' 'L3065']
u28	u29	m2	['L3208' 'L3209' 'L3210' 'L3211' 'L3212' 'L3213' 'L3214']
u28	u34	m2	['L2797' 'L2798' 'L2799' 'L2800']
u28	u34	m2	['L3196' 'L3197']
u28	u34	m2	['L3198' 'L3199' 'L3200' 'L3201' 'L3202' 'L3203']
u28	u34	m2	['L3293' 'L3294']
u28	u34	m2	['L3498' 'L3499' 'L3500' 'L3501' 'L3502' 'L3503' 'L3504' 'L3505' 'L3506']
u28	u35	m2	['L2801' 'L2802' 'L2803' 'L2804' 'L2805']
u28	u35	m2	['L3289' 'L3290' 'L3291' 'L3292']
u29	u36	m2	['L2599' 'L2600' 'L2601']
u29	u36	m2	['L2602' 'L2603']
u29	u36	m2	['L2630' 'L2631' 'L2632' 'L2633']
u29	u36	m2	['L2751' 'L2752']
u29	u36	m2	['L2920' 'L2921' 'L2922' 'L2923']
u29	u36	m2	['L2924' 'L2925']
u29	u36	m2	['L2936' 'L2937' 'L2938']
u29	u36	m2	['L3016' 'L3017']
u29	u36	m2	['L3022' 'L3023']
u29	u36	m2	['L3027' 'L3028']
u29	u44	m2	['L2964' 'L2965' 'L2966' 'L2967']
u29	u44	m2	['L2971' 'L2972' 'L2973']
u29	u44	m2	['L2975' 'L2976' 'L2977' 'L2978']
u29	u44	m2	['L2979' 'L2980' 'L2981']
u29	u44	m2	['L2986' 'L2987' 'L2988' 'L2989' 'L2990']
u29	u34	m2	['L2730' 'L2731']
u29	u34	m2	['L2746' 'L2747' 'L2748']
u29	u34	m2	['L2875' 'L2876' 'L2877' 'L2878' 'L2879' 'L2880' 'L2881' 'L2882']
u29	u34	m2	['L2883' 'L2884' 'L2885' 'L2886']
u29	u34	m2	['L2887' 'L2888' 'L2889' 'L2890' 'L2891']
u29	u34	m2	['L2892' 'L2893']
u29	u34	m2	['L2895' 'L2896' 'L2897']
u29	u34	m2	['L2899' 'L2900' 'L2901' 'L2902' 'L2903' 'L2904' 'L2905' 'L2906']
u29	u34	m2	['L2949' 'L2950' 'L2951' 'L2952' 'L2953']
u29	u34	m2	['L2955' 'L2956' 'L2957' 'L2958']
u29	u34	m2	['L2962' 'L2963']
u29	u34	m2	['L2991' 'L2992']
u29	u34	m2	['L2993' 'L2994' 'L2995' 'L2996' 'L2997' 'L2998' 'L2999']
u29	u34	m2	['L3052' 'L3053' 'L3054']
u29	u34	m2	['L3057' 'L3058']
u29	u34	m2	['L3067' 'L3068']
u29	u34	m2	['L3069' 'L3070' 'L3071' 'L3072' 'L3073' 'L3074' 'L3075' 'L3076' 'L3077' 'L3078' 'L3079']
u29	u34	m2	['L3080' 'L3081' 'L3082']
u29	u34	m2	['L3219' 'L3220' 'L3221' 'L3222']
u29	u34	m2	['L3223' 'L3224' 'L3225' 'L3226' 'L3227' 'L3228']
u29	u34	m2	['L3229' 'L3230']
u29	u30	m2	['L3236' 'L3237' 'L3238' 'L3239' 'L3240' 'L3241' 'L3242']
u29	u30	m2	['L3243' 'L3244']
u29	u30	m2	['L3248' 'L3249']
u29	u41	m2	['L2758' 'L2759' 'L2760' 'L2761' 'L2762' 'L2763' 'L2764' 'L2765']
u29	u41	m2	['L3029' 'L3030']
u29	u41	m2	['L3031' 'L3032' 'L3033' 'L3034' 'L3035' 'L3036' 'L3037']
u29	u41	m2	['L3038' 'L3039' 'L3040' 'L3041' 'L3042' 'L3043' 'L3044']
u29	u41	m2	['L3101' 'L3102']
u29	u41	m2	['L3103' 'L3104' 'L3105' 'L3106' 'L3107' 'L3108' 'L3109' 'L3110' 'L3111' 'L3112' 'L3113' 'L3114' 'L3115' 'L3116' 'L3117']
u29	u41	m2	['L3119' 'L3120' 'L3121']
u29	u41	m2	['L3126' 'L3127' 'L3128' 'L3129' 'L3130']
u29	u41	m2	['L3135' 'L3136' 'L3137' 'L3138' 'L3139' 'L3140' 'L3141' 'L3142' 'L3143' 'L3144' 'L3145' 'L3146' 'L3147']
u29	u41	m2	['L3148' 'L3149' 'L3150' 'L3151' 'L3152' 'L3153' 'L3154' 'L3155' 'L3156' 'L3157']
u29	u31	m2	['L2595' 'L2596']
u29	u31	m2	['L2604' 'L2605' 'L2606' 'L2607']
u29	u31	m2	['L2611' 'L2612']
u29	u31	m2	['L2644' 'L2645']
u29	u31	m2	['L2646' 'L2647' 'L2648']
u29	u31	m2	['L2651' 'L2652']
u29	u31	m2	['L2653' 'L2654' 'L2655' 'L2656']
u29	u31	m2	['L2664' 'L2665']
u30	u45	m2	['L2621' 'L2622' 'L2623' 'L2624' 'L2625' 'L2626']
u30	u45	m2	['L2627' 'L2628']
u30	u31	m2	['L3278' 'L3279' 'L3280' 'L3281' 'L3282' 'L3283' 'L3284' 'L3285' 'L3286']
u30	u34	m2	['L3419' 'L3420' 'L3421']
u30	u34	m2	['L3431' 'L3432']
u30	u34	m2	['L3433' 'L3434']
u30	u34	m2	['L3435' 'L3436']
u30	u34	m2	['L3554' 'L3555' 'L3556']
u30	u32	m2	['L2845' 'L2846' 'L2847']
u30	u32	m2	['L2848' 'L2849']
u30	u32	m2	['L2850' 'L2851' 'L2852' 'L2853' 'L2854']
u30	u32	m2	['L2855' 'L2856']
u30	u32	m2	['L2857' 'L2858']
u30	u33	m2	['L2563' 'L2564']
u30	u33	m2	['L2565' 'L2566' 'L2567' 'L2568' 'L2569']
u30	u33	m2	['L2570' 'L2571' 'L2572' 'L2573' 'L2574']
u30	u33	m2	['L2577' 'L2578' 'L2579' 'L2580' 'L2581']
u30	u48	m2	['L2908' 'L2909']
u30	u48	m2	['L2910' 'L2911' 'L2912' 'L2913' 'L2914' 'L2915']
u30	u42	m2	['L2557' 'L2558']
u30	u42	m2	['L2559' 'L2560']
u30	u42	m2	['L2561' 'L2562']
u30	u42	m2	['L2635' 'L2636' 'L2637' 'L2638']
u30	u42	m2	['L2639' 'L2640']
u30	u42	m2	['L2666' 'L2667' 'L2668']
u30	u42	m2	['L2670' 'L2671']
u30	u42	m2	['L2778' 'L2779']
u30	u42	m2	['L2780' 'L2781' 'L2782' 'L2783']
u30	u42	m2	['L2789' 'L2790']
u30	u42	m2	['L2842' 'L2843' 'L2844']
u30	u42	m2	['L3083' 'L3084' 'L3085']
u30	u42	m2	['L3087' 'L3088']
u30	u42	m2	['L3183' 'L3184' 'L3185' 'L3186' 'L3187' 'L3188']
u30	u42	m2	['L3189' 'L3190']
u30	u42	m2	['L3191' 'L3192' 'L3193']
u30	u42	m2	['L3246' 'L3247']
u30	u42	m2	['L3250' 'L3251']
u30	u42	m2	['L3356' 'L3357']
u30	u42	m2	['L3359' 'L3360']
u30	u42	m2	['L3361' 'L3362']
u30	u42	m2	['L3363' 'L3364']
u30	u42	m2	['L3365' 'L3366']
u30	u42	m2	['L3368' 'L3369' 'L3370']
u30	u42	m2	['L3372' 'L3373' 'L3374' 'L3375']
u30	u42	m2	['L3376' 'L3377' 'L3378']
u30	u42	m2	['L3547' 'L3548']
u30	u39	m2	['L2672' 'L2673']
u30	u39	m2	['L2674' 'L2675' 'L2676']
u30	u39	m2	['L2678' 'L2679']
u30	u39	m2	['L2680' 'L2681' 'L2682']
u30	u39	m2	['L2685' 'L2686' 'L2687' 'L2688' 'L2689' 'L2690' 'L2691' 'L2692']
u31	u37	m2	['L3271' 'L3272' 'L3273' 'L3274' 'L3275']
u31	u37	m2	['L3352' 'L3353']
u31	u36	m2	['L2608' 'L2609' 'L2610']
u31	u36	m2	['L2614' 'L2615']
u31	u36	m2	['L3409' 'L3410']
u31	u36	m2	['L3411' 'L3412' 'L3413']
u31	u41	m2	['L3262' 'L3263' 'L3264' 'L3265' 'L3266' 'L3267' 'L3268' 'L3269']
u33	u42	m2	['L2575' 'L2576']
u33	u42	m2	['L2582' 'L2583' 'L2584' 'L2585' 'L2586' 'L2587' 'L2588' 'L2589' 'L2590' 'L2591']
u34	u36	m2	['L2732' 'L2733']
u34	u36	m2	['L2740' 'L2741' 'L2742' 'L2743']
u34	u36	m2	['L2744' 'L2745']
u34	u36	m2	['L3398' 'L3399' 'L3400' 'L3401' 'L3402' 'L3403']
u34	u40	m2	['L2698' 'L2699' 'L2700']
u34	u40	m2	['L2701' 'L2702' 'L2703']
u34	u40	m2	['L2706' 'L2707']
u34	u40	m2	['L2771' 'L2772' 'L2773']
u34	u38	m2	['L2808' 'L2809' 'L2810' 'L2811' 'L2812' 'L2813']
u34	u35	m2	['L2715' 'L2716' 'L2717' 'L2718' 'L2719' 'L2720' 'L2721']
u34	u35	m2	['L2724' 'L2725']
u34	u35	m2	['L2735' 'L2736' 'L2737']
u34	u35	m2	['L2738' 'L2739']
u34	u35	m2	['L2754' 'L2755' 'L2756' 'L2757']
u34	u35	m2	['L2767' 'L2768']
u34	u35	m2	['L2793' 'L2794' 'L2795']
u34	u35	m2	['L2863' 'L2864' 'L2865']
u34	u35	m2	['L2870' 'L2871' 'L2872']
u34	u35	m2	['L3024' 'L3025' 'L3026']
u34	u35	m2	['L3287' 'L3288']
u34	u35	m2	['L3342' 'L3343' 'L3344']
u34	u47	m2	['L2928' 'L2929' 'L2930']
u34	u47	m2	['L3422' 'L3423' 'L3424']
u34	u47	m2	['L3425' 'L3426' 'L3427']
u43	u46	m2	['L2828' 'L2829' 'L2830' 'L2831' 'L2832' 'L2833' 'L2834' 'L2835' 'L2836' 'L2837' 'L2838' 'L2839' 'L2840']
u49	u55	m3	['L3712' 'L3713']
u49	u55	m3	['L3720' 'L3721']
u49	u55	m3	['L3728' 'L3729']
u49	u55	m3	['L3749' 'L3750']
u49	u55	m3	['L3756' 'L3757']
u49	u55	m3	['L3770' 'L3771']
u49	u55	m3	['L3777' 'L3778']
u50	u60	m3	['L3942' 'L3943' 'L3944' 'L3945']
u50	u60	m3	['L3963' 'L3964' 'L3965' 'L3966' 'L3967' 'L3968' 'L3969']
u50	u60	m3	['L3972' 'L3973' 'L3974' 'L3975' 'L3976']
u50	u60	m3	['L3979' 'L3980' 'L3981' 'L3982' 'L3983' 'L3984']
u50	u60	m3	['L3987' 'L3988' 'L3989' 'L3990' 'L3991' 'L3992']
u50	u60	m3	['L3995' 'L3996' 'L3997' 'L3998' 'L3999' 'L4000' 'L4001']
u50	u60	m3	['L4011' 'L4012' 'L4013' 'L4014' 'L4015' 'L4016' 'L4017']
u50	u60	m3	['L4159' 'L4160' 'L4161' 'L4162' 'L4163']
u50	u60	m3	['L4188' 'L4189' 'L4190' 'L4191' 'L4192' 'L4193']
u50	u60	m3	['L4196' 'L4197' 'L4198' 'L4199']
u50	u60	m3	['L4208' 'L4209']
u50	u60	m3	['L4282' 'L4283']
u50	u60	m3	['L4296' 'L4297' 'L4298' 'L4299' 'L4300']
u50	u56	m3	['L4006' 'L4007']
u50	u56	m3	['L4068' 'L4069' 'L4070']
u50	u56	m3	['L4079' 'L4080']
u50	u56	m3	['L4219' 'L4220' 'L4221' 'L4222' 'L4223' 'L4224']
u50	u56	m3	['L4227' 'L4228' 'L4229' 'L4230']
u50	u56	m3	['L4265' 'L4266' 'L4267' 'L4268' 'L4269' 'L4270' 'L4271']
u50	u56	m3	['L4333' 'L4334' 'L4335']
u50	u56	m3	['L4346' 'L4347' 'L4348' 'L4349' 'L4350']
u50	u56	m3	['L4353' 'L4354' 'L4355' 'L4356' 'L4357']
u50	u56	m3	['L4360' 'L4361' 'L4362' 'L4363']
u50	u56	m3	['L4366' 'L4367' 'L4368']
u50	u51	m3	['L3970' 'L3971']
u50	u51	m3	['L3977' 'L3978']
u50	u51	m3	['L3993' 'L3994']
u50	u51	m3	['L4002' 'L4003']
u50	u51	m3	['L4009' 'L4010']
u50	u51	m3	['L4018' 'L4019']
u52	u55	m3	['L3668' 'L3669']
u52	u55	m3	['L3672' 'L3673' 'L3674' 'L3675' 'L3676' 'L3677']
u52	u55	m3	['L3679' 'L3680' 'L3681' 'L3682' 'L3683' 'L3684' 'L3685']
u52	u55	m3	['L3688' 'L3689' 'L3690' 'L3691' 'L3692' 'L3693']
u53	u59	m3	['L3797' 'L3798' 'L3799']
u53	u59	m3	['L3805' 'L3806' 'L3807' 'L3808' 'L3809' 'L3810']
u54	u55	m3	['L3730' 'L3731' 'L3732' 'L3733' 'L3734' 'L3735']
u54	u55	m3	['L3758' 'L3759']
u54	u55	m3	['L3774' 'L3775' 'L3776']
u54	u55	m3	['L3779' 'L3780']
u55	u58	m3	['L3622' 'L3623']
u55	u58	m3	['L3626' 'L3627' 'L3628' 'L3629' 'L3630' 'L3631']
u55	u58	m3	['L3651' 'L3652' 'L3653']
u55	u61	m3	['L3724' 'L3725' 'L3726']
u55	u61	m3	['L3738' 'L3739' 'L3740']
u55	u61	m3	['L3745' 'L3746' 'L3747' 'L3748']
u55	u61	m3	['L3751' 'L3752' 'L3753' 'L3754']
u55	u61	m3	['L3760' 'L3761' 'L3762' 'L3763']
u55	u61	m3	['L3766' 'L3767' 'L3768']
u55	u61	m3	['L3772' 'L3773']
u55	u57	m3	['L3868' 'L3869']
u55	u57	m3	['L3889' 'L3890' 'L3891' 'L3892' 'L3893']
u55	u57	m3	['L3896' 'L3897']
u55	u57	m3	['L3904' 'L3905' 'L3906' 'L3907']
u55	u59	m3	['L3817' 'L3818' 'L3819' 'L3820' 'L3821']
u55	u59	m3	['L3824' 'L3825' 'L3826' 'L3827' 'L3828' 'L3829']
u55	u59	m3	['L3832' 'L3833' 'L3834']
u55	u59	m3	['L3837' 'L3838' 'L3839']
u56	u60	m3	['L4020' 'L4021' 'L4022' 'L4023' 'L4024' 'L4025']
u56	u60	m3	['L4028' 'L4029' 'L4030' 'L4031' 'L4032' 'L4033']
u56	u60	m3	['L4096' 'L4097']
u56	u60	m3	['L4108' 'L4109' 'L4110' 'L4111' 'L4112' 'L4113']
u56	u60	m3	['L4118' 'L4119']
u56	u60	m3	['L4169' 'L4170']
u56	u60	m3	['L4174' 'L4175']
u56	u60	m3	['L4181' 'L4182' 'L4183']
u62	u75	m4	['L5039' 'L5040']
u62	u75	m4	['L5041' 'L5042']
u62	u75	m4	['L5043' 'L5044']
u62	u75	m4	['L5045' 'L5046' 'L5047' 'L5048']
u63	u71	m4	['L4897' 'L4898' 'L4899' 'L4900']
u63	u71	m4	['L4903' 'L4904' 'L4905' 'L4906']
u63	u71	m4	['L4922' 'L4923']
u63	u71	m4	['L4924' 'L4925']
u64	u69	m4	['L4453' 'L4454']
u64	u69	m4	['L4501' 'L4502' 'L4503' 'L4504' 'L4505']
u64	u69	m4	['L4506' 'L4507' 'L4508' 'L4509' 'L4510' 'L4511']
u64	u69	m4	['L4562' 'L4563']
u64	u69	m4	['L4567' 'L4568']
u65	u71	m4	['L5175' 'L5176' 'L5177' 'L5178' 'L5179' 'L5180']
u65	u71	m4	['L5181' 'L5182']
u65	u71	m4	['L5183' 'L5184' 'L5185' 'L5186' 'L5187' 'L5188']
u65	u71	m4	['L5193' 'L5194']
u65	u71	m4	['L5215' 'L5216']
u65	u71	m4	['L5366' 'L5367' 'L5368']
u65	u71	m4	['L5370' 'L5371']
u66	u67	m4	['L4944' 'L4945']
u66	u67	m4	['L4959' 'L4960']
u66	u67	m4	['L5316' 'L5317' 'L5318']
u66	u67	m4	['L5321' 'L5322' 'L5323' 'L5324' 'L5325']
u66	u67	m4	['L5328' 'L5329']
u67	u69	m4	['L4628' 'L4629']
u67	u69	m4	['L5338' 'L5339' 'L5340']
u67	u69	m4	['L5346' 'L5347' 'L5348']
u67	u71	m4	['L4727' 'L4728' 'L4729']
u67	u71	m4	['L4731' 'L4732']
u67	u71	m4	['L4739' 'L4740' 'L4741']
u67	u71	m4	['L4743' 'L4744' 'L4745' 'L4746' 'L4747' 'L4748' 'L4749' 'L4750' 'L4751']
u67	u71	m4	['L4763' 'L4764']
u67	u71	m4	['L4765' 'L4766']
u67	u71	m4	['L4769' 'L4770']
u67	u71	m4	['L4771' 'L4772' 'L4773' 'L4774' 'L4775']
u67	u71	m4	['L4778' 'L4779']
u67	u71	m4	['L4780' 'L4781' 'L4782' 'L4783' 'L4784' 'L4785']
u67	u71	m4	['L4786' 'L4787' 'L4788']
u67	u71	m4	['L4789' 'L4790' 'L4791' 'L4792']
u67	u71	m4	['L4800' 'L4801' 'L4802' 'L4803']
u67	u71	m4	['L4814' 'L4815' 'L4816']
u67	u71	m4	['L4825' 'L4826' 'L4827' 'L4828']
u67	u71	m4	['L4848' 'L4849' 'L4850' 'L4851' 'L4852' 'L4853' 'L4854' 'L4855']
u67	u71	m4	['L4857' 'L4858']
u67	u71	m4	['L4860' 'L4861']
u67	u71	m4	['L4863' 'L4864']
u67	u71	m4	['L4866' 'L4867']
u67	u71	m4	['L4868' 'L4869']
u67	u71	m4	['L4870' 'L4871']
u67	u71	m4	['L4873' 'L4874' 'L4875' 'L4876' 'L4877' 'L4878' 'L4879']
u67	u71	m4	['L4880' 'L4881']
u67	u71	m4	['L4882' 'L4883' 'L4884' 'L4885' 'L4886']
u67	u71	m4	['L4887' 'L4888' 'L4889' 'L4890' 'L4891']
u67	u71	m4	['L4893' 'L4894']
u67	u71	m4	['L4895' 'L4896']
u67	u71	m4	['L4911' 'L4912']
u67	u71	m4	['L4929' 'L4930']
u67	u71	m4	['L4937' 'L4938' 'L4939']
u67	u71	m4	['L4964' 'L4965']
u67	u71	m4	['L4969' 'L4970' 'L4971' 'L4972' 'L4973']
u67	u71	m4	['L4974' 'L4975']
u67	u71	m4	['L4994' 'L4995' 'L4996' 'L4997']
u67	u71	m4	['L5002' 'L5003' 'L5004' 'L5005']
u67	u71	m4	['L5007' 'L5008' 'L5009' 'L5010']
u67	u71	m4	['L5011' 'L5012' 'L5013' 'L5014']
u67	u71	m4	['L5016' 'L5017']
u67	u71	m4	['L5018' 'L5019' 'L5020']
u67	u71	m4	['L5021' 'L5022']
u67	u71	m4	['L5023' 'L5024' 'L5025']
u67	u71	m4	['L5028' 'L5029' 'L5030']
u67	u71	m4	['L5033' 'L5034' 'L5035']
u67	u71	m4	['L5036' 'L5037' 'L5038']
u67	u71	m4	['L5049' 'L5050' 'L5051']
u67	u71	m4	['L5052' 'L5053' 'L5054' 'L5055' 'L5056']
u67	u71	m4	['L5057' 'L5058' 'L5059']
u67	u71	m4	['L5060' 'L5061' 'L5062' 'L5063' 'L5064']
u67	u71	m4	['L5065' 'L5066']
u67	u71	m4	['L5067' 'L5068']
u67	u71	m4	['L5069' 'L5070' 'L5071' 'L5072']
u67	u71	m4	['L5073' 'L5074']
u67	u71	m4	['L5076' 'L5077']
u67	u71	m4	['L5083' 'L5084' 'L5085']
u67	u71	m4	['L5171' 'L5172']
u67	u71	m4	['L5190' 'L5191' 'L5192']
u67	u71	m4	['L5195' 'L5196']
u67	u71	m4	['L5197' 'L5198' 'L5199' 'L5200']
u67	u71	m4	['L5201' 'L5202']
u67	u71	m4	['L5204' 'L5205']
u67	u71	m4	['L5206' 'L5207']
u67	u71	m4	['L5208' 'L5209' 'L5210']
u67	u71	m4	['L5212' 'L5213']
u67	u71	m4	['L5224' 'L5225' 'L5226' 'L5227']
u67	u71	m4	['L5236' 'L5237']
u67	u71	m4	['L5249' 'L5250' 'L5251' 'L5252']
u67	u71	m4	['L5253' 'L5254' 'L5255']
u67	u71	m4	['L5256' 'L5257']
u67	u71	m4	['L5290' 'L5291']
u67	u71	m4	['L5304' 'L5305']
u67	u71	m4	['L5306' 'L5307']
u67	u71	m4	['L5308' 'L5309' 'L5310' 'L5311' 'L5312' 'L5313' 'L5314']
u67	u71	m4	['L5351' 'L5352' 'L5353']
u67	u71	m4	['L5372' 'L5373']
u67	u71	m4	['L5375' 'L5376']
u67	u71	m4	['L5377' 'L5378' 'L5379' 'L5380' 'L5381' 'L5382']
u67	u71	m4	['L5383' 'L5384']
u67	u70	m4	['L4689' 'L4690']
u67	u70	m4	['L4691' 'L4692']
u67	u70	m4	['L4693' 'L4694' 'L4695' 'L4696' 'L4697' 'L4698' 'L4699' 'L4700' 'L4701' 'L4702' 'L4703']
u67	u70	m4	['L5093' 'L5094' 'L5095' 'L5096']
u67	u70	m4	['L5097' 'L5098' 'L5099']
u67	u70	m4	['L5100' 'L5101']
u67	u70	m4	['L5102' 'L5103' 'L5104']
u67	u70	m4	['L5242' 'L5243']
u67	u70	m4	['L5244' 'L5245']
u67	u77	m4	['L4636' 'L4637' 'L4638' 'L4639']
u67	u77	m4	['L4642' 'L4643' 'L4644']
u67	u73	m4	['L4669' 'L4670' 'L4671']
u67	u73	m4	['L4672' 'L4673']
u67	u73	m4	['L4675' 'L4676']
u67	u73	m4	['L4677' 'L4678' 'L4679' 'L4680']
u67	u73	m4	['L4681' 'L4682']
u67	u73	m4	['L4685' 'L4686' 'L4687']
u67	u73	m4	['L5132' 'L5133' 'L5134' 'L5135' 'L5136' 'L5137' 'L5138']
u67	u73	m4	['L5142' 'L5143']
u67	u73	m4	['L5144' 'L5145']
u67	u73	m4	['L5158' 'L5159']
u67	u73	m4	['L5162' 'L5163']
u67	u75	m4	['L4809' 'L4810' 'L4811' 'L4812' 'L4813']
u67	u75	m4	['L4817' 'L4818' 'L4819']
u67	u75	m4	['L4821' 'L4822' 'L4823']
u67	u68	m4	['L4467' 'L4468']
u67	u68	m4	['L4469' 'L4470' 'L4471']
u67	u68	m4	['L4472' 'L4473' 'L4474']
u67	u68	m4	['L4475' 'L4476']
u67	u68	m4	['L4477' 'L4478' 'L4479' 'L4480' 'L4481' 'L4482' 'L4483' 'L4484' 'L4485' 'L4486' 'L4487' 'L4488']
u67	u68	m4	['L4513' 'L4514']
u67	u68	m4	['L4516' 'L4517']
u67	u68	m4	['L4519' 'L4520' 'L4521' 'L4522']
u67	u68	m4	['L4523' 'L4524' 'L4525']
u67	u68	m4	['L4528' 'L4529' 'L4530' 'L4531' 'L4532']
u67	u68	m4	['L4533' 'L4534' 'L4535']
u67	u68	m4	['L4704' 'L4705' 'L4706']
u67	u68	m4	['L4707' 'L4708' 'L4709']
u67	u68	m4	['L4712' 'L4713' 'L4714' 'L4715' 'L4716' 'L4717' 'L4718']
u67	u68	m4	['L4836' 'L4837']
u67	u68	m4	['L4839' 'L4840']
u67	u68	m4	['L5149' 'L5150' 'L5151' 'L5152' 'L5153']
u67	u68	m4	['L5164' 'L5165']
u67	u68	m4	['L5167' 'L5168' 'L5169']
u67	u68	m4	['L5219' 'L5220' 'L5221']
u67	u68	m4	['L5258' 'L5259' 'L5260' 'L5261' 'L5262' 'L5263']
u67	u68	m4	['L5275' 'L5276']
u67	u68	m4	['L5284' 'L5285' 'L5286' 'L5287']
u67	u68	m4	['L5292' 'L5293' 'L5294' 'L5295' 'L5296' 'L5297' 'L5298']
u67	u68	m4	['L5301' 'L5302' 'L5303']
u67	u68	m4	['L5355' 'L5356' 'L5357' 'L5358']
u67	u68	m4	['L5359' 'L5360' 'L5361' 'L5362' 'L5363']
u67	u68	m4	['L5364' 'L5365']
u68	u71	m4	['L5264' 'L5265']
u68	u71	m4	['L5266' 'L5267' 'L5268']
u68	u71	m4	['L5279' 'L5280' 'L5281' 'L5282']
u68	u71	m4	['L5288' 'L5289']
u69	u74	m4	['L4600' 'L4601' 'L4602']
u69	u74	m4	['L4603' 'L4604']
u69	u74	m4	['L4609' 'L4610']
u69	u74	m4	['L4612' 'L4613']
u69	u72	m4	['L4493' 'L4494']
u69	u72	m4	['L4495' 'L4496' 'L4497' 'L4498' 'L4499' 'L4500']
u69	u75	m4	['L4543' 'L4544' 'L4545' 'L4546' 'L4547']
u69	u75	m4	['L4548' 'L4549' 'L4550' 'L4551' 'L4552' 'L4553' 'L4554' 'L4555']
u69	u75	m4	['L4558' 'L4559']
u69	u75	m4	['L5230' 'L5231']
u69	u75	m4	['L5233' 'L5234']
u71	u76	m4	['L5105' 'L5106']
u71	u76	m4	['L5107' 'L5108']
u71	u76	m4	['L5109' 'L5110']
u71	u76	m4	['L5113' 'L5114']
u71	u76	m4	['L5115' 'L5116' 'L5117' 'L5118' 'L5119' 'L5120']
u71	u76	m4	['L5121' 'L5122' 'L5123']
u71	u76	m4	['L5124' 'L5125']